city,pollutant,n_points,slope,slope_ci_lower,slope_ci_upper,intercept,r_squared,p_value,std_err,trend_class,years,values
Ahmedabad,AER,5,0.2921829816723522,-0.10557844603125884,0.657399266335401,-591.1412261093254,0.6816134641648428,0.08510542490429633,0.11529289802477499,Stable,[2020. 2021. 2022. 2023. 2024.],[-1.15688082 -0.69926505  0.15791772  0.01528149 -0.05323918]
Ahmedabad,CH4,5,8.528349244521223,6.693138172533736,10.707888194064948,-15320.937314554234,0.9626189111593492,0.0031024789127560297,0.9702935144166266,Worsening (significant),[2020. 2021. 2022. 2023. 2024.],[1908.74800619 1912.85376111 1923.09217872 1928.82742071 1943.40292261]
Ahmedabad,NO2,5,2.6607734617117937e-06,-2.0870333028491768e-06,8.55281874172685e-06,-0.005313927378392062,0.339592447954528,0.3024721996114508,2.1422703480702133e-06,Stable,[2020. 2021. 2022. 2023. 2024.],"[5.35221437e-05 6.98773811e-05 7.06277812e-05 6.99815967e-05
 6.67739032e-05]"
Ahmedabad,SO2,5,7.245595626847825e-06,-5.8702718499267805e-06,1.8561086676107024e-05,-0.014477565233732689,0.26534732129213384,0.3744165687568932,6.960607491845659e-06,Stable,[2020. 2021. 2022. 2023. 2024.],[0.00013925 0.00019367 0.00016442 0.00019099 0.00017682]
Bangalore,AER,5,0.2433238493632251,-0.0400554464832638,0.4774519024462691,-492.8070436127413,0.7453667835009234,0.05938235676471453,0.08211009630906133,Stable,[2020. 2021. 2022. 2023. 2024.],[-1.41568347 -1.14837661 -0.46077966 -0.46601748 -0.54024379]
Bangalore,CH4,5,10.494200770386602,6.673262664254935,13.686297505474222,-19305.74741075325,0.952216551412245,0.004498302388431997,1.3572492905088858,Worsening (significant),[2020. 2021. 2022. 2023. 2024.],[1890.94556405 1901.60028016 1916.60317855 1928.53400821 1929.94970388]
Bangalore,NO2,5,2.5656656229313554e-06,2.269562263009638e-06,2.8072261813229656e-06,-0.005144136001557503,0.9877670006709504,0.000576354490794863,1.6484608873067264e-07,Changing (weak signal),[2020. 2021. 2022. 2023. 2024.],"[3.81665488e-05 4.16608974e-05 4.32525545e-05 4.65882274e-05
 4.85312120e-05]"
Bangalore,SO2,5,2.200624808556124e-06,-3.701374245139481e-06,9.597227865991488e-06,-0.0044199953566678345,0.22015370561121503,0.425297280844253,2.391260465531e-06,Stable,[2020. 2021. 2022. 2023. 2024.],"[1.72962970e-05 3.35210719e-05 3.64907527e-05 3.19439055e-05
 2.90880042e-05]"
Chennai,AER,5,0.2627792458099103,-0.07305555340903502,0.5696463670331743,-532.1303048016366,0.7109461338978507,0.07277166887165556,0.09673897405962767,Stable,[2020. 2021. 2022. 2023. 2024.],[-1.51137624 -1.09406346 -0.37208351 -0.46262785 -0.51319781]
Chennai,CH4,5,4.187541370717963,-6.628702207499241,14.72436742434934,-6557.3263541483375,0.33931384776293394,0.302719613137439,3.373613247602781,Stable,[2020. 2021. 2022. 2023. 2024.],[1891.89699669 1909.6637998  1921.34573153 1917.67671153 1908.82824767]
Chennai,NO2,5,1.6886907847261106e-06,-4.920997509255179e-06,7.428655239396173e-06,-0.0033705351659230704,0.16978364761942522,0.4906129253461369,2.155942718374648e-06,Stable,[2020. 2021. 2022. 2023. 2024.],"[3.47211901e-05 4.54622113e-05 4.84743786e-05 5.08689485e-05
 4.04612754e-05]"
Chennai,SO2,5,-1.3824214850679954e-06,-3.273352105218015e-05,2.68580364938413e-05,0.0029058543792422876,0.006684048609798466,0.8960210675017404,9.7297963987707e-06,Stable,[2020. 2021. 2022. 2023. 2024.],"[8.68168291e-05 1.22973454e-04 1.37876163e-04 1.27865575e-04
 7.74586612e-05]"
Delhi,AER,5,0.25974448524350974,-0.1391567994213156,0.6524128243818739,-525.3782760556661,0.6255924196183515,0.11107520321179144,0.11601450354906341,Stable,[2020. 2021. 2022. 2023. 2024.],[-0.97431876 -0.3985564   0.33050689  0.08521669  0.08251712]
Delhi,CH4,5,9.254229973624934,5.5558755928662995,14.5205317872244,-16786.097564539446,0.8967551711221994,0.014541591426736653,1.812912610829431,Worsening (significant),[2020. 2021. 2022. 2023. 2024.],[1910.51804179 1917.36092455 1921.62979298 1929.59759477 1950.67085655]
Delhi,NO2,5,3.0972407656043827e-06,-3.9358496777852675e-06,1.0904517562934999e-05,-0.006163663185196987,0.18569800835258982,0.4688156123180488,3.7445830315771226e-06,Stable,[2020. 2021. 2022. 2023. 2024.],"[8.00689780e-05 1.10241939e-04 1.01878013e-04 1.03846265e-04
 9.87530188e-05]"
Delhi,SO2,5,1.6197597094855623e-06,-6.327173847897025e-06,7.475714470755884e-06,-0.0030972631913009896,0.11695993194258943,0.5732033435283402,2.569576881372155e-06,Stable,[2020. 2021. 2022. 2023. 2024.],[0.00017489 0.00016857 0.00018915 0.00017915 0.0001777 ]
Hyderabad,AER,5,0.24850365411601794,-0.10809007353352121,0.5856914096383333,-503.16015720451475,0.6613632913788243,0.09412273381465648,0.10266422333737502,Stable,[2020. 2021. 2022. 2023. 2024.],[-1.35880285 -1.02584195 -0.24358237 -0.34282035 -0.45779538]
Hyderabad,CH4,5,9.11152062967517,7.045691034092215,10.97221284731752,-16494.549861048945,0.9867069906029141,0.0006530774715862557,0.6105873307875567,Worsening (significant),[2020. 2021. 2022. 2023. 2024.],[1910.06379261 1918.75452936 1931.50122362 1938.81210951 1945.59260568]
Hyderabad,NO2,5,1.7947828748641276e-06,-1.3242509666370194e-06,5.159746762910896e-06,-0.0035797969681487865,0.49957020669635305,0.1819638463629173,1.0371094785324579e-06,Stable,[2020. 2021. 2022. 2023. 2024.],"[4.25070062e-05 4.92018799e-05 5.23843079e-05 5.21899393e-05
 4.99868909e-05]"
Hyderabad,SO2,5,6.9580334039392785e-06,-1.4373780532985223e-05,2.5060919583116984e-05,-0.013968988399408022,0.258335186782049,0.3819120209338422,6.80672081330675e-06,Stable,[2020. 2021. 2022. 2023. 2024.],"[7.05617003e-05 9.53813604e-05 1.20683539e-04 1.22213138e-04
 9.19359784e-05]"
Kolkata,AER,5,0.2404324600245869,-0.1198653803176978,0.5796208377996134,-486.7592186870632,0.6359110593525448,0.10604903743210513,0.10503596438864858,Stable,[2020. 2021. 2022. 2023. 2024.],[-1.30436746 -0.87743779 -0.14512578 -0.31213502 -0.38485654]
Kolkata,CH4,5,7.800454551097414,1.0496390447998465,15.760116056761158,-13841.993407656983,0.6778843049708655,0.0867349554024405,3.104469783808199,Stable,[2020. 2021. 2022. 2023. 2024.],[1904.65825132 1935.74873673 1931.76258541 1937.84801482 1942.61088503]
Kolkata,NO2,5,1.7683975127136144e-06,-2.31680219630357e-06,7.602565299540847e-06,-0.003506266295580365,0.17992828290018112,0.4765817941885875,2.1796936920409346e-06,Stable,[2020. 2021. 2022. 2023. 2024.],"[5.88129950e-05 7.44311990e-05 7.17279431e-05 7.46493131e-05
 6.75459255e-05]"
Kolkata,SO2,5,1.7633959648775303e-05,2.698345541869126e-06,2.6984115701828162e-05,-0.03542677700612111,0.6499774745442823,0.09937556040413416,7.471160378910675e-06,Stable,[2020. 2021. 2022. 2023. 2024.],[0.00017438 0.00024341 0.00021624 0.00025433 0.00025709]
Mumbai,AER,5,0.27008348928072073,-0.0975389814231688,0.6002581732163608,-546.6594774983794,0.6827791966102583,0.0845988964966022,0.10628649818125495,Stable,[2020. 2021. 2022. 2023. 2024.],[-1.29483448 -0.88217851 -0.09431813 -0.19294692 -0.28903283]
Mumbai,CH4,5,4.86278667239235,-6.693104160758365,10.971754539039976,-7914.585867306964,0.3803168589587598,0.26788326371227006,3.5837412212011377,Stable,[2020. 2021. 2022. 2023. 2024.],[1901.80329616 1928.72094973 1909.36572616 1918.95248981 1931.00145949]
Mumbai,NO2,5,2.5961810347589316e-06,-2.9414294477626224e-06,7.183305478171413e-06,-0.005166619595551013,0.42786967274295595,0.23110009937905965,1.733269432058941e-06,Stable,[2020. 2021. 2022. 2023. 2024.],"[7.31809231e-05 8.20602883e-05 8.70629456e-05 8.95923083e-05
 8.23958183e-05]"
Mumbai,SO2,5,4.204453527892794e-06,-5.651705206189812e-06,1.4862337514502972e-05,-0.00834727847332938,0.39442935717629024,0.25658425026389325,3.0077845198656335e-06,Stable,[2020. 2021. 2022. 2023. 2024.],[0.00014057 0.00014783 0.00016861 0.00015624 0.00015739]
Pune,AER,5,0.26343675841686043,-0.09134229503224392,0.6030593609397671,-533.3199326327605,0.6906388227114563,0.08121925123434867,0.10179422927403012,Stable,[2020. 2021. 2022. 2023. 2024.],[-1.35141333 -1.00613124 -0.20366697 -0.31105774 -0.38176628]
Pune,CH4,5,9.668098543719248,5.6036396031339555,14.541972196250693,-17634.689295444,0.9410738623999186,0.006181711304045428,1.3967625206993257,Worsening (significant),[2020. 2021. 2022. 2023. 2024.],[1891.16371493 1906.03247439 1920.15429153 1922.3177482  1931.36157074]
Pune,NO2,5,2.169440333152106e-06,8.082236322437953e-07,4.369478575726813e-06,-0.004338205375557044,0.7732707987229018,0.04938116200976939,6.782268935184652e-07,Changing (weak signal),[2020. 2021. 2022. 2023. 2024.],"[4.17281097e-05 4.85506796e-05 4.97575882e-05 5.02557235e-05
 5.17227894e-05]"
Pune,SO2,5,9.989970987748718e-07,-1.668982302526826e-05,1.3610387161685647e-05,-0.0019307828705435333,0.007467796544808205,0.8901083041065229,6.649357209461007e-06,Stable,[2020. 2021. 2022. 2023. 2024.],"[7.49340348e-05 9.31437325e-05 9.37057429e-05 1.15323838e-04
 6.88389675e-05]"
